id;action;entity_name;entity_id;description;created_date
1;anti drat;zowie;743;anti;2026-06-29T20:51:07
2;till tooth although;enormously;26974;flawless;2026-06-30T17:42:04
3;unbearably;until through safely;27369;apostrophize inborn well-to-do;2026-06-30T07:49:00
4;comb;which yowza;15409;space shout;2026-06-30T03:00:26
5;shrilly yippee mid;till outbid questioningly;22709;the whoever;2026-06-30T04:28:22
6;including save boohoo;versus wherever whoa;7746;gah what;2026-06-30T06:03:01
7;ack digestive kookily;opposite;19052;marathon since aw;2026-06-30T06:23:22
8;although;boo;19780;even;2026-06-30T12:21:36
9;uncommon;bolster during oh;31035;fatally;2026-06-30T07:38:42
10;although;zowie until;8940;curl joyous fiddle;2026-06-30T12:07:53
