id;file_name;file_url;file_type;file_size;uploaded_date
1;smoothly worriedly;if;fooey conceal whenever;20393;2026-06-30T17:25:38
2;sneak;birth memorable;before;15482;2026-06-30T00:31:28
3;nervous flawless;minus married;scent kookily underneath;7378;2026-06-30T00:08:06
4;furthermore unabashedly elderly;or recede;vary chase institute;10703;2026-06-30T01:55:28
5;quicker acidly mount;impractical pro appropriate;rapidly zowie;17935;2026-06-29T22:11:51
6;nearly each;object about midst;cautiously bad near;17690;2026-06-30T01:08:34
7;an;but before cap;dispense;26306;2026-06-30T12:27:25
8;ew silt;eek polite hose;boo athwart;15094;2026-06-30T06:40:10
9;yuck ouch anenst;ack courageously;lest dusk;20702;2026-06-30T01:53:46
10;smoothly;er;ack;3504;2026-06-30T07:06:57
