id;title;message;type;is_read;created_date
1;woefully;orient pant;before times;true;2026-06-29T23:38:23
2;championship eek amid;deny lovingly;phew er sediment;false;2026-06-29T18:44:56
3;even astride although;but;against;false;2026-06-30T01:05:43
4;independence doubtfully;eek pneumonia wonderfully;by resolve cop;false;2026-06-30T17:13:48
5;than blah what;although as nougat;warlike phew;true;2026-06-29T19:38:59
6;howl state;after beneath qua;deform dream minus;false;2026-06-30T02:15:11
7;cemetery;separate whenever;knowledgeably as;false;2026-06-30T05:50:26
8;easy whenever mild;whose;in eyebrow terribly;false;2026-06-29T18:41:32
9;hm;er electric;hot conservation offend;true;2026-06-30T12:56:38
10;apud;duh;incidentally um fooey;false;2026-06-29T20:27:05
