id;name;type;generated_date;data
1;victoriously phooey bewail;in ugh;2026-06-30T00:54:13;../fake-data/blob/hipster.txt
2;simple on inborn;however shiny;2026-06-29T18:33:48;../fake-data/blob/hipster.txt
3;ragged;keenly ha formamide;2026-06-29T23:36:26;../fake-data/blob/hipster.txt
4;uh-huh boo;loudly carboxyl boohoo;2026-06-29T18:12:09;../fake-data/blob/hipster.txt
5;whoever;old;2026-06-29T22:57:41;../fake-data/blob/hipster.txt
6;hundred;arid consequently;2026-06-30T01:42:30;../fake-data/blob/hipster.txt
7;trash pinstripe lest;offset;2026-06-30T12:30:11;../fake-data/blob/hipster.txt
8;black fooey wherever;joyously;2026-06-29T23:36:48;../fake-data/blob/hipster.txt
9;lobster uneven aside;swift signature case;2026-06-30T03:02:11;../fake-data/blob/hipster.txt
10;charter delightfully ugh;mmm rejoin knowledgeable;2026-06-30T16:06:04;../fake-data/blob/hipster.txt
